Depth,Baseline DOC ,Baseline CH4 Production Rate,Mass/kg,Energy/MJ
5.76,89.91,0.03364,0.1937664,3.978993024
6.15,113.11,0.03056,0.187944,3.85943004
6.4,96.67,0.02836,0.181504,3.72718464
6.34,105.39,0.02823,0.1789782,3.675317337
5.56,100.47,0.02912,0.1619072,3.324764352
6.28,112.77,0.02512,0.1577536,3.2394701759999998
6.17,110.39,0.02523,0.1556691,3.1966649685
5.8,90.59,0.02679,0.155382,3.19076937
5.06,109.77,0.03033,0.1534698,3.1515023429999998
5.44,106.06,0.02795,0.15204800000000002,3.12230568
5.98,105.49,0.02537,0.1517126,3.115418241
5.95,102.94,0.02545,0.15142750000000002,3.1095637125000004
5.25,109.89,0.02877,0.1510425,3.1016577375
5.54,128.29,0.02725,0.150965,3.1000662749999996
5.22,126.95,0.02888,0.1507536,3.0957251759999997
5.13,121.63,0.02912,0.1493856,3.0676332960000003
5.07,78.56,0.02945,0.1493115,3.0661116525000005
5.97,103.84,0.02497,0.14907089999999998,3.0611709314999995
5.14,111.77,0.02894,0.14875159999999998,3.054614106
5.76,108.69,0.02567,0.1478592,3.036288672
5.64,115.21,0.02577,0.1453428,2.9846143979999997
5.65,104.61,0.02568,0.14509200000000003,2.9794642200000006
4.6,103.24,0.0315,0.1449,2.9755215
4.71,92.94,0.0304,0.143184,2.94028344
5.43,103.91,0.02631,0.1428633,2.9336978655
5.1,108.43,0.0278,0.14178,2.9114522999999997
5.02,96.84,0.02801,0.1406102,2.887430457
5.56,104.67,0.02518,0.1400008,2.874916428
5.52,96.01,0.02534,0.1398768,2.872370088
4.9,93.77,0.02851,0.13969900000000002,2.8687189650000002
5.38,107.59,0.02591,0.1393958,2.8624927529999997
5.09,88.15,0.02735,0.1392115,2.8587081524999998
5.38,112.92,0.02573,0.1384274,2.8426066590000003
5.51,117.29,0.0251,0.138301,2.8400110350000003
6.56,123.39,0.02095,0.137432,2.82216612
5.55,122.98,0.0247,0.13708499999999998,2.8150404749999995
5.5,102.02,0.02482,0.13651,2.8032328499999997
5.12,98.38,0.0265,0.13568,2.7861888
5.35,76.57,0.02534,0.135569,2.783909415
6.02,114.62,0.02248,0.1353296,2.778993336
4.78,113.97,0.02827,0.13513060000000002,2.774906871
5.54,103.7,0.02426,0.1344004,2.759912214
6.48,109.02,0.02072,0.1342656,2.757144096
5.45,118.22,0.0244,0.13298000000000001,2.7307443000000005
5.15,105.33,0.02563,0.13199450000000001,2.7105070575000005
5.47,98.82,0.0241,0.131827,2.707067445
4.52,91.48,0.02908,0.1314416,2.699153256
5.97,100.49,0.02198,0.1312206,2.6946150209999997
4.8,98.67,0.02731,0.131088,2.69189208
4.75,81.79,0.02754,0.130815,2.686286025
5.41,92.95,0.02414,0.1305974,2.681817609
4.94,103.15,0.02638,0.13031720000000002,2.6760637020000004
4.52,104.79,0.0288,0.130176,2.67316416
5.23,100.78,0.02478,0.1295994,2.661323679
6.81,107.66,0.01902,0.12952619999999998,2.6598205169999996
5.46,93.54,0.0237,0.129402,2.6572700699999996
5.88,101.16,0.022,0.12936,2.6564076
4.96,100.65,0.02605,0.129208,2.6532862799999997
5.34,106.99,0.02413,0.1288542,2.646020997
6.17,99.28,0.02087,0.1287679,2.6442488264999997
5.02,100.08,0.02556,0.1283112,2.6348704919999997
4.56,100.14,0.02813,0.1282728,2.634081948
5.04,96.92,0.02531,0.1275624,2.6194938839999997
5.24,75.67,0.02433,0.1274892,2.617990722
5.75,123.13,0.02213,0.1272475,2.6130274125
5.95,90.96,0.02137,0.1271515,2.6110560525
5.35,110.52,0.02375,0.1270625,2.6092284375
4.62,98.47,0.02737,0.1264494,2.596638429
5.41,112.44,0.02331,0.1261071,2.5896092985
5.29,98.29,0.02382,0.1260078,2.587570173
5.48,102.95,0.02299,0.12598520000000002,2.5871060820000005
5.6,112.02,0.02249,0.125944,2.58626004
6.38,115.41,0.01973,0.1258774,2.584892409
4.98,115.95,0.02525,0.12574500000000002,2.5821735750000006
4.63,99.24,0.02707,0.1253341,2.5737357435
5.47,102.87,0.02291,0.1253177,2.5733989695
5.28,113.22,0.02372,0.1252416,2.571836256
6.11,111.76,0.02048,0.12513280000000002,2.569602048
6.11,110.06,0.02039,0.1245829,2.5583098515
5.3,117.05,0.02347,0.124391,2.554369185
5.75,97.37,0.02163,0.1243725,2.5539892875
5.59,106.27,0.02216,0.1238744,2.5437608039999997
5.24,94.71,0.02361,0.1237164,2.5405162740000002
5.0,96.55,0.02474,0.1237,2.5401795000000003
5.3,116.53,0.02332,0.123596,2.53804386
6.03,112.92,0.02047,0.12343409999999999,2.5347192434999997
4.61,93.7,0.02676,0.1233636,2.533271526
5.97,97.23,0.02065,0.1232805,2.5315650675
5.11,89.69,0.0241,0.12315100000000001,2.528905785
4.66,124.93,0.0264,0.12302400000000001,2.5262978400000002
4.72,107.41,0.02602,0.1228144,2.5219937040000002
5.39,113.55,0.02272,0.1224608,2.5147325279999997
4.26,93.89,0.02873,0.12238979999999999,2.513274543
4.87,80.48,0.02513,0.1223831,2.5131369585
5.15,104.91,0.02374,0.12226100000000001,2.5106296350000004
5.76,117.15,0.02121,0.12216959999999999,2.508752736
5.05,95.28,0.02415,0.1219575,2.5043972625
5.47,127.58,0.02223,0.12159809999999999,2.4970169834999996
4.84,108.12,0.02508,0.1213872,2.492686152
5.38,129.34,0.02252,0.12115759999999999,2.487971316
4.71,86.92,0.02569,0.12099990000000001,2.4847329465000003
5.23,106.91,0.02308,0.12070840000000001,2.478746994
5.63,91.66,0.02141,0.12053829999999999,2.4752539904999997
4.79,104.23,0.02516,0.1205164,2.474804274
4.39,117.16,0.02743,0.12041769999999999,2.4727774695
5.65,138.57,0.02125,0.12006250000000002,2.4654834375000005
4.13,102.18,0.02907,0.12005909999999999,2.4654136185
5.01,105.41,0.02395,0.11998949999999999,2.4639843824999996
5.25,98.59,0.02285,0.1199625,2.4634299375
5.57,117.08,0.02153,0.1199221,2.4626003235000002
5.49,98.7,0.02184,0.1199016,2.462179356
5.25,115.29,0.02282,0.119805,2.460195675
5.52,91.96,0.02168,0.1196736,2.457497376
4.52,96.39,0.02645,0.119554,2.45504139
6.05,114.74,0.01974,0.119427,2.452433445
5.24,111.07,0.02279,0.11941960000000001,2.4522814860000004
5.5,95.38,0.02171,0.119405,2.451981675
3.92,97.41,0.03045,0.119364,2.45113974
5.6,104.02,0.02129,0.119224,2.4482648399999998
5.9,104.47,0.02016,0.11894400000000001,2.44251504
4.59,105.11,0.02587,0.1187433,2.4383936655
4.84,122.09,0.02452,0.1186768,2.437028088
5.21,92.85,0.02277,0.11863169999999999,2.4361019594999997
4.68,115.51,0.02533,0.11854439999999998,2.4343092539999995
5.25,113.72,0.02257,0.1184925,2.4332434875
4.91,109.55,0.02412,0.1184292,2.431943622
4.56,129.99,0.0259,0.11810399999999999,2.4252656399999997
4.64,104.96,0.02542,0.11794879999999999,2.422078608
4.42,98.82,0.02655,0.117351,2.409802785
5.38,101.71,0.02176,0.1170688,2.4040078080000002
4.7,107.51,0.02487,0.116889,2.4003156150000002
4.48,98.19,0.02609,0.1168832,2.400196512
4.92,109.41,0.02374,0.1168008,2.398504428
5.17,103.77,0.02259,0.1167903,2.3982888105
5.37,121.26,0.02171,0.1165827,2.3940257445
4.79,103.27,0.02433,0.11654070000000001,2.3931632745000004
4.48,118.01,0.02591,0.11607680000000001,2.383637088
5.88,117.78,0.01974,0.1160712,2.383522092
4.79,108.35,0.02422,0.1160138,2.382343383
5.28,115.73,0.02194,0.11584320000000001,2.3788401120000002
5.54,108.75,0.0209,0.11578599999999999,2.37766551
5.35,103.39,0.02164,0.11577399999999999,2.3774190899999996
4.67,95.69,0.02479,0.11576929999999999,2.3773225755
5.11,106.21,0.02263,0.11563930000000001,2.3746530255000002
4.67,86.58,0.02476,0.1156292,2.374445622
5.24,129.03,0.02203,0.1154372,2.370502902
3.78,92.53,0.03052,0.11536559999999998,2.369032596
5.27,121.8,0.02182,0.11499139999999998,2.3613483989999997
5.17,110.84,0.02223,0.11492909999999999,2.3600690684999996
5.29,98.15,0.02172,0.1148988,2.359446858
6.14,88.73,0.01871,0.1148794,2.359048479
5.31,102.95,0.02159,0.1146429,2.3541919515000003
5.4,102.73,0.02123,0.11464200000000001,2.35417347
4.55,104.28,0.02514,0.11438699999999999,2.348937045
5.15,108.28,0.02221,0.11438150000000001,2.3488241025
5.54,115.34,0.02064,0.11434559999999999,2.348086896
3.88,103.19,0.02947,0.11434359999999999,2.348045826
4.65,97.08,0.02457,0.11425050000000002,2.3461340175000003
5.58,105.19,0.02041,0.11388780000000001,2.338685973
5.44,97.07,0.02092,0.11380480000000001,2.336981568
5.08,80.21,0.0224,0.113792,2.33671872
4.87,99.62,0.02336,0.1137632,2.336127312
5.56,89.97,0.02043,0.11359079999999999,2.332587078
5.07,107.51,0.02235,0.1133145,2.3269132574999998
5.28,116.96,0.02145,0.11325600000000001,2.32571196
4.2,100.73,0.02696,0.11323200000000001,2.3252191200000003
4.64,112.49,0.02439,0.11316959999999998,2.3239377359999995
5.33,96.65,0.02122,0.1131026,2.322561891
4.78,84.53,0.02366,0.11309480000000001,2.322401718
5.06,121.79,0.0223,0.112838,2.31712833
4.91,112.8,0.02297,0.11278270000000001,2.3159927445000004
4.42,92.98,0.02544,0.1124448,2.309053968
4.6,107.37,0.02444,0.112424,2.30862684
6.05,102.38,0.01857,0.11234849999999999,2.3070764474999996
4.96,108.55,0.02263,0.1122448,2.3049469680000003
3.78,113.4,0.02968,0.1121904,2.303829864
4.89,96.44,0.02291,0.11202989999999999,2.3005339964999996
5.37,107.87,0.02084,0.1119108,2.2980882780000003
5.04,112.55,0.0221,0.11138400000000001,2.2872704400000003
5.92,111.59,0.01881,0.1113552,2.286679032
4.97,103.9,0.02239,0.1112783,2.2850998904999997
5.31,93.18,0.02093,0.1111383,2.2822249905
5.25,125.6,0.02115,0.1110375,2.2801550625
5.14,92.23,0.02155,0.11076699999999999,2.2746003449999996
4.68,97.08,0.02365,0.110682,2.27285487
4.76,121.71,0.02325,0.11066999999999999,2.27260845
4.85,96.12,0.02281,0.11062849999999999,2.2717562475
5.84,108.95,0.01892,0.11049279999999999,2.2689696479999997
5.62,123.48,0.01963,0.1103206,2.2654335210000003
5.12,107.71,0.02154,0.1102848,2.264698368
4.34,115.12,0.0254,0.11023599999999999,2.2636962599999997
5.02,108.47,0.02194,0.1101388,2.261700258
4.82,91.81,0.02285,0.110137,2.261663295
4.01,113.33,0.02745,0.11007449999999999,2.2603798575
4.69,91.59,0.02345,0.10998050000000001,2.2584495675
4.07,107.79,0.02701,0.1099307,2.2574269245000003
4.93,101.09,0.02227,0.1097911,2.2545602385
6.53,101.02,0.01681,0.1097693,2.2541125755
4.57,107.3,0.02401,0.10972570000000001,2.2532172495
5.45,80.86,0.0201,0.109545,2.2495065750000003
5.29,82.7,0.02068,0.1093972,2.246471502
4.84,110.53,0.02253,0.10904520000000001,2.239243182
5.32,108.09,0.02049,0.10900680000000001,2.2384546380000003
4.97,95.02,0.02192,0.10894239999999998,2.2371321839999996
5.02,96.4,0.02169,0.10888379999999999,2.235928833
4.4,94.67,0.02474,0.10885600000000002,2.2353579600000004
4.78,109.24,0.02276,0.1087928,2.2340601479999997
3.78,121.26,0.02871,0.10852379999999999,2.228536233
5.41,90.93,0.02005,0.1084705,2.2274417175
4.77,104.89,0.02274,0.10846979999999999,2.227427343
5.31,104.18,0.02037,0.10816469999999999,2.2211621145
5.25,91.61,0.02058,0.108045,2.218704075
4.51,116.19,0.02392,0.1078792,2.215299372
4.81,111.85,0.02241,0.10779209999999999,2.2135107735
4.55,76.75,0.02366,0.107653,2.210654355
4.98,97.11,0.0216,0.10756800000000001,2.20890888
5.26,100.41,0.02042,0.1074092,2.205647922
5.16,99.45,0.02081,0.10737959999999999,2.205040086
4.26,102.24,0.0252,0.10735199999999999,2.20447332
4.51,97.07,0.0238,0.107338,2.20418583
4.12,104.11,0.02605,0.107326,2.2039394100000003
4.59,102.29,0.02334,0.10713059999999999,2.1999268709999997
4.74,107.04,0.02259,0.1070766,2.198817981
5.46,111.4,0.0196,0.107016,2.19757356
4.47,120.91,0.02392,0.1069224,2.195651484
4.22,92.83,0.02532,0.10685039999999998,2.194172964
5.74,108.69,0.0186,0.106764,2.19239874
4.84,102.35,0.02204,0.1066736,2.190542376
5.28,95.23,0.02019,0.10660320000000001,2.189096712
4.99,98.77,0.02135,0.1065365,2.1877270275000003
5.32,95.62,0.02001,0.10645320000000001,2.1860164620000004
4.51,112.23,0.02359,0.1063909,2.1847371315
4.13,113.4,0.02576,0.1063888,2.184694008
5.99,112.58,0.01775,0.1063225,2.1833325375
5.25,97.86,0.02021,0.10610249999999999,2.1788148374999996
4.77,115.15,0.02223,0.1060371,2.1774718484999998
5.02,106.49,0.02112,0.10602239999999999,2.177169984
4.76,108.81,0.02219,0.10562440000000001,2.168997054
3.69,113.46,0.0286,0.105534,2.16714069
5.09,113.16,0.02073,0.10551569999999999,2.1667648995
4.11,90.39,0.02566,0.1054626,2.165674491
4.36,116.67,0.02417,0.10538120000000001,2.164002942
5.25,102.79,0.02005,0.1052625,2.1615654374999997
4.98,95.92,0.02112,0.10517760000000001,2.159822016
4.95,105.1,0.02123,0.1050885,2.1579923475
3.68,99.23,0.02855,0.105064,2.1574892400000003
4.93,100.26,0.02128,0.1049104,2.154335064
4.3,98.16,0.02439,0.10487699999999998,2.153649195
4.62,89.07,0.02268,0.1047816,2.151690156
4.99,112.27,0.02099,0.10474010000000002,2.1508379535000004
5.81,103.03,0.01802,0.1046962,2.1499364670000003
3.93,102,0.02655,0.1043415,2.1426527025
5.29,111.34,0.01972,0.1043188,2.142186558
4.89,126.6,0.02132,0.10425479999999998,2.1408723179999996
3.78,119.48,0.02757,0.10421459999999999,2.140046811
3.87,109.97,0.02691,0.1041417,2.1385498095
4.91,101.23,0.02119,0.10404290000000001,2.1365209515
4.46,90.32,0.02332,0.10400720000000001,2.135787852
5.67,104.61,0.01829,0.1037043,2.1295678005
4.9,117.07,0.02116,0.10368400000000001,2.12915094
3.57,96.86,0.02904,0.1036728,2.1289209479999998
4.83,108.51,0.02146,0.1036518,2.128489713
4.88,96.62,0.02122,0.1035536,2.1264731759999997
5.75,121.71,0.01798,0.10338499999999999,2.1230109749999997
4.92,104.8,0.02099,0.10327080000000001,2.120665878
4.25,118.32,0.02429,0.10323249999999999,2.1198793874999997
4.3,109.25,0.024,0.1032,2.119212
5.3,104.5,0.01946,0.10313800000000001,2.1179388300000004
4.18,108.74,0.02463,0.10295339999999999,2.1141480689999996
5.27,101.64,0.01953,0.10292309999999999,2.1135258584999996
4.23,91.77,0.02432,0.10287360000000001,2.112509376
5.21,96.58,0.01974,0.1028454,2.111930289
5.52,111.85,0.0186,0.10267199999999999,2.1083695199999997
4.93,111.87,0.02082,0.1026426,2.107765791
4.28,107.53,0.02397,0.10259160000000002,2.1067185060000004
5.15,105.06,0.01992,0.10258800000000001,2.10664458
3.97,111.26,0.0258,0.102426,2.10331791
4.19,93.59,0.02441,0.10227790000000002,2.1002766765000005
5.21,109.77,0.01962,0.1022202,2.0990918069999998
4.89,90.66,0.02088,0.10210319999999999,2.096689212
5.7,116.86,0.01791,0.102087,2.096356545
5.08,115.3,0.02009,0.1020572,2.095744602
4.48,107.31,0.02278,0.10205440000000002,2.0956871040000005
3.96,129.25,0.02576,0.1020096,2.094767136
3.97,102.81,0.02569,0.1019893,2.0943502755
6.42,85.84,0.01588,0.10194959999999999,2.0935350359999996
4.96,114.53,0.02052,0.1017792,2.090035872
4.53,123.3,0.02245,0.10169850000000001,2.0883786975
4.98,94.94,0.02041,0.10164180000000002,2.087214363
4.25,106.56,0.02391,0.1016175,2.0867153625
4.51,99.1,0.02252,0.1015652,2.085641382
4.46,110.89,0.02277,0.1015542,2.085415497
4.25,113.06,0.02386,0.101405,2.082351675
5.77,108.26,0.01757,0.10137889999999998,2.0818157114999996
3.77,99.41,0.02689,0.1013753,2.0817417855
4.88,119.2,0.02077,0.1013576,2.0813783160000003
4.67,85.66,0.02167,0.1011989,2.0781194115
4.19,95.44,0.0241,0.10097900000000001,2.073603765
4.56,108.28,0.02214,0.10095839999999999,2.0731807439999996
5.07,120.19,0.01986,0.10069020000000001,2.067673257
3.97,97.3,0.02535,0.1006395,2.0666321325
4.16,99.12,0.02418,0.1005888,2.065591008
5.59,121.59,0.01799,0.10056409999999999,2.0650837935
4.58,91.02,0.02195,0.10053100000000001,2.064404085
4.42,115.96,0.02274,0.1005108,2.0639892779999998
4.58,103.37,0.02192,0.1003936,2.061582576
5.25,98.45,0.01909,0.10022249999999999,2.0580690374999997
5.39,100.17,0.01856,0.1000384,2.054288544
4.93,101.95,0.02025,0.09983249999999999,2.0500603875
4.86,110.91,0.02054,0.09982440000000001,2.049894054
4.44,99.31,0.02247,0.09976680000000002,2.0487112380000005
4.51,111.88,0.02212,0.0997612,2.048596242
5.86,115.78,0.01701,0.0996786,2.046900051
4.58,98.2,0.02176,0.09966080000000001,2.046534528
3.77,101.79,0.02642,0.0996034,2.045355819
4.57,111.12,0.02179,0.09958030000000001,2.0448814605
5.36,96.91,0.01857,0.0995352,2.043955332
4.97,94.67,0.02002,0.09949939999999999,2.043220179
4.86,117.08,0.02045,0.099387,2.0409120450000002
5.25,93.44,0.01891,0.0992775,2.0386634625
4.25,122.08,0.02335,0.09923749999999999,2.0378420624999998
4.91,98.13,0.0202,0.09918199999999999,2.03670237
5.17,89.71,0.01917,0.0991089,2.0352012615
4.77,101.18,0.02075,0.0989775,2.0325029624999997
4.72,110.43,0.02096,0.0989312,2.031552192
4.24,113.73,0.02328,0.0987072,2.026952352
4.7,116.47,0.02099,0.09865300000000002,2.0258393550000005
4.64,111.9,0.02126,0.0986464,2.025703824
4.05,82.32,0.02434,0.098577,2.024278695
3.82,91.4,0.02579,0.0985178,2.023063023
4.96,103.61,0.01985,0.098456,2.02179396
5.06,106.22,0.01944,0.09836639999999999,2.019954024
4.74,87.97,0.02073,0.09826019999999999,2.017773207
4.18,105.13,0.02348,0.0981464,2.015436324
4.43,101.98,0.02215,0.09812449999999999,2.0149866074999996
5.6,107.51,0.01752,0.098112,2.01472992
5.52,91.21,0.01774,0.09792479999999999,2.010885768
4.66,97.3,0.02101,0.09790660000000001,2.010512031
6.26,91.79,0.01563,0.09784380000000001,2.009222433
3.81,93.43,0.02567,0.09780269999999999,2.0083784445
4.81,110.8,0.02031,0.0976911,2.0060867385
5.39,108.84,0.01811,0.0976129,2.0044809015
4.36,98.35,0.02238,0.0975768,2.003739588
5.61,111.9,0.01738,0.0975018,2.002199463
3.87,116.84,0.02517,0.0974079,2.0002712265
5.06,104.75,0.01925,0.09740499999999999,2.0002116749999996
4.54,124.42,0.02142,0.09724680000000001,1.996963038
4.0,101.02,0.02429,0.09716,1.9951805999999999
4.03,93.04,0.0241,0.097123,1.994420805
5.31,116.83,0.01829,0.0971199,1.9943571464999998
5.54,97.66,0.01748,0.0968392,1.988592972
5.74,116.22,0.01686,0.0967764,1.987303374
4.14,112.94,0.02334,0.0966276,1.984247766
4.88,117.45,0.01977,0.0964776,1.981167516
4.95,114.16,0.01949,0.0964755,1.9811243925000002
4.33,124.29,0.02225,0.0963425,1.9783932375
3.81,109.72,0.02528,0.09631680000000001,1.9778654880000002
4.37,99.3,0.02204,0.0963148,1.9778244180000002
5.69,119.47,0.01691,0.09621790000000001,1.9758345765000003
4.7,101.34,0.02047,0.096209,1.975651815
5.54,118.01,0.01735,0.09611900000000001,1.9738036650000002
4.68,100.66,0.02052,0.0960336,1.9720499759999999
5.53,88.94,0.01734,0.09589020000000001,1.9691052570000003
4.39,113.78,0.02184,0.09587759999999998,1.9688465159999995
4.52,99.94,0.02121,0.09586919999999999,1.9686740219999999
4.18,97.82,0.02292,0.09580559999999999,1.967367996
4.26,111.71,0.02248,0.0957648,1.966530168
4.53,90.94,0.02112,0.09567360000000001,1.9646573760000003
4.39,106.55,0.02178,0.0956142,1.963437597
5.05,88.49,0.01893,0.09559649999999999,1.9630741274999997
5.36,103.65,0.0178,0.095408,1.95920328
4.04,109.55,0.0236,0.095344,1.95788904
4.38,98.52,0.02174,0.09522119999999999,1.955367342
4.32,116.07,0.02204,0.09521280000000001,1.9551948480000003
5.42,114.21,0.01756,0.0951752,1.954422732
4.54,106.78,0.02095,0.095113,1.953145455
4.23,121.73,0.02248,0.0950904,1.952681364
4.22,94.75,0.02253,0.0950766,1.952397981
4.86,107.13,0.01954,0.0949644,1.9500939540000002
5.31,95.93,0.01788,0.0949428,1.949650398
4.33,89.95,0.0219,0.094827,1.9472724449999999
4.5,121.04,0.02107,0.094815,1.947026025
5.04,102.78,0.0188,0.094752,1.94573232
4.05,103.12,0.02338,0.094689,1.944438615
3.84,105.04,0.0246,0.09446399999999999,1.93981824
4.52,94.64,0.02087,0.09433239999999998,1.9371158339999996
4.29,121.06,0.02195,0.0941655,1.9336885425
4.52,105.06,0.02082,0.09410639999999999,1.9324749239999999
4.34,111.35,0.02167,0.09404779999999999,1.9312715729999999
5.36,106.22,0.01751,0.09385360000000001,1.9272836760000003
5.19,118.09,0.01808,0.09383520000000001,1.926905832
4.35,110.45,0.02157,0.09382949999999998,1.9267887824999996
5.67,106.25,0.01653,0.09372509999999999,1.9246449284999998
4.21,93.09,0.02225,0.09367249999999999,1.9235647875
4.84,102.55,0.01935,0.09365399999999999,1.9231848899999997
4.04,115.35,0.02318,0.0936472,1.923045252
4.18,106.52,0.02238,0.09354839999999999,1.9210163939999998
4.19,93.8,0.02232,0.0935208,1.920449628
3.44,106.57,0.02716,0.0934304,1.9185932639999999
4.5,99.51,0.02076,0.09342,1.9183797
4.45,96.36,0.02098,0.093361,1.917168135
4.34,121.5,0.02151,0.0933534,1.917012069
4.41,98.11,0.02112,0.0931392,1.912613472
3.84,121.17,0.02423,0.0930432,1.9106421120000001
3.39,101.32,0.02739,0.0928521,1.9067178735
4.66,102.26,0.01989,0.0926874,1.9033357590000002
4.92,119.24,0.01883,0.09264359999999999,1.902436326
5.1,104.51,0.01814,0.092514,1.89977499
5.17,91.05,0.01788,0.0924396,1.8982471859999999
4.24,96.18,0.02178,0.0923472,1.896349752
4.05,92.16,0.0228,0.09234,1.8962019
4.33,103.45,0.02127,0.0920991,1.8912550185
5.01,104.75,0.01838,0.0920838,1.890940833
5.3,107.17,0.01737,0.092061,1.890472635
4.28,102.31,0.0215,0.09202,1.8896307
4.19,110.33,0.02196,0.09201240000000001,1.8894746340000002
4.81,77.13,0.01911,0.09191909999999999,1.8875587184999998
3.3,116.33,0.02784,0.091872,1.8865915199999999
4.93,107.94,0.01861,0.0917473,1.8840308055000001
4.45,96.01,0.02061,0.0917145,1.8833572575000002
3.9,83.79,0.02351,0.09168899999999999,1.8828336149999998
3.75,105.57,0.02445,0.0916875,1.8828028125
4.49,114.1,0.02042,0.09168580000000001,1.8827679030000002
4.41,100.89,0.02078,0.09163980000000001,1.881823293
4.75,114.39,0.01929,0.0916275,1.8815707125
3.66,91.31,0.02503,0.0916098,1.8812072430000002
4.77,99.98,0.0192,0.09158399999999998,1.8806774399999997
3.93,115.33,0.02326,0.0914118,1.877141313
4.83,100.06,0.01891,0.0913353,1.8755703854999999
5.13,111.79,0.0178,0.09131399999999999,1.8751329899999998
4.5,103.53,0.02026,0.09117,1.8721759500000001
4.9,93.07,0.0186,0.09114,1.8715599
3.93,111.73,0.02319,0.0911367,1.8714921345
4.87,79.39,0.01871,0.09111770000000001,1.8711019695000002
4.39,118.88,0.02073,0.09100469999999998,1.8687815144999995
4.64,102.56,0.01961,0.09099039999999999,1.8684878639999998
4.45,96.24,0.02044,0.090958,1.86782253
4.55,119.47,0.01994,0.09072699999999999,1.8630789449999998
5.18,102.15,0.01751,0.0907018,1.862561463
4.26,112.65,0.02129,0.0906954,1.862430039
4.54,103.23,0.01997,0.0906638,1.861781133
5.09,115.9,0.0178,0.090602,1.86051207
4.9,91.5,0.01847,0.09050300000000001,1.8584791050000002
4.52,116.17,0.02002,0.09049039999999998,1.8582203639999997
5.13,97.85,0.01762,0.0903906,1.856170971
4.6,89.02,0.01964,0.090344,1.85521404
5.51,92.08,0.01639,0.09030889999999998,1.8544932614999996
4.41,111.88,0.02045,0.0901845,1.8519387075
3.99,127.21,0.02259,0.0901341,1.8509037435
3.63,106.45,0.02482,0.09009659999999999,1.8501336809999998
4.1,114.54,0.02196,0.09003599999999999,1.8488892599999998
4.29,109.67,0.02096,0.0899184,1.846474344
4.42,117.87,0.02034,0.0899028,1.8461539980000001
4.64,120.42,0.01936,0.08983039999999999,1.844667264
3.57,107.28,0.02516,0.08982119999999999,1.8444783419999997
4.54,117.39,0.01978,0.0898012,1.844067642
4.36,103.02,0.02059,0.08977240000000002,1.8434762340000004
4.29,104.57,0.02092,0.0897468,1.842950538
4.22,104.17,0.02126,0.0897172,1.842342702
6.03,100.83,0.01487,0.0896661,1.8412933635
4.5,103.45,0.01992,0.08964,1.8407574
5.21,112.79,0.01719,0.0895599,1.8391125465
3.65,107.77,0.0245,0.089425,1.836342375
4.33,91.84,0.02064,0.0893712,1.835237592
4.32,119.39,0.02067,0.08929440000000001,1.8336605040000002
5.2,111.6,0.01717,0.08928400000000002,1.8334469400000004
3.85,109.86,0.02319,0.0892815,1.8333956025
4.1,102.5,0.02177,0.089257,1.832892495
4.36,98.94,0.02045,0.089162,1.83094167
4.71,104.1,0.01892,0.08911319999999999,1.8299395619999999
3.92,119.47,0.02273,0.0891016,1.8297013560000002
4.18,110.86,0.0213,0.08903399999999999,1.8283131899999998
4.33,88.54,0.02053,0.0888949,1.8254567715
3.95,113.06,0.0225,0.088875,1.825048125
3.67,99.07,0.02421,0.08885069999999999,1.8245491244999998
3.61,99.69,0.02458,0.0887338,1.8221485830000002
4.84,104.63,0.01833,0.0887172,1.8218077019999999
4.59,103.97,0.01931,0.0886329,1.8200766015
5.66,97.05,0.01565,0.088579,1.818969765
3.1,113.02,0.02854,0.088474,1.81681359
5.02,112.58,0.0176,0.088352,1.81430832
4.14,112.48,0.02134,0.0883476,1.814217966
3.71,86.01,0.02381,0.0883351,1.8139612785
5.23,114,0.01687,0.0882301,1.8118051035000002
4.53,101.13,0.01945,0.08810849999999999,1.8093080474999998
4.02,109.58,0.02191,0.08807819999999998,1.8086858369999996
5.68,117.4,0.01549,0.0879832,1.8067350119999999
4.46,88.78,0.01972,0.08795120000000001,1.8060778920000002
4.55,111.76,0.01931,0.0878605,1.8042153675
5.94,95.57,0.01479,0.0878526,1.804053141
5.51,115.62,0.01594,0.08782939999999999,1.8035767289999998
5.41,106.58,0.01623,0.08780430000000002,1.8030613005000002
4.82,92.77,0.0182,0.08772400000000001,1.8014123400000002
3.68,120.34,0.02381,0.08762080000000001,1.7992931280000002
3.77,101.8,0.02324,0.0876148,1.7991699180000003
4.98,115.2,0.01758,0.0875484,1.797806394
4.66,110.08,0.01876,0.0874216,1.795202556
3.38,121.43,0.02586,0.0874068,1.794898638
3.08,115.65,0.02835,0.087318,1.79307513
3.89,105.73,0.02243,0.0872527,1.7917341945
4.25,106.32,0.02053,0.0872525,1.7917300875
3.43,96.9,0.0254,0.087122,1.7890502700000002
3.39,92.1,0.02569,0.0870891,1.7883746685000002
4.14,110.56,0.02102,0.0870228,1.787013198
4.58,92.82,0.019,0.08702,1.7869557
4.68,105.42,0.01858,0.08695439999999999,1.7856086039999997
3.77,103.82,0.02305,0.0868985,1.7844606975000001
5.39,101.28,0.01612,0.08688679999999999,1.7842204379999997
3.46,86.4,0.02511,0.0868806,1.784093121
5.36,109.99,0.01619,0.0867784,1.7819944440000002
4.08,99.82,0.02124,0.08665919999999999,1.779546672
5.92,118.07,0.01463,0.08660960000000001,1.7785281360000003
4.77,93.49,0.01815,0.08657549999999999,1.7778278924999997
4.13,106.67,0.02095,0.0865235,1.7767600725000001
3.94,114.37,0.02196,0.0865224,1.776737484
4.42,98.44,0.01957,0.0864994,1.7762651790000001
4.54,97.12,0.01903,0.08639619999999999,1.774145967
4.79,103.28,0.018,0.08621999999999999,1.7705277
4.33,97.7,0.0199,0.08616700000000001,1.769439345
5.05,114.71,0.01706,0.086153,1.7691518549999998
4.02,103.31,0.02143,0.08614859999999999,1.769061501
5.32,106.57,0.01619,0.08613080000000001,1.7686959780000002
3.85,108.14,0.02237,0.0861245,1.7685666075000002
4.59,103.3,0.01876,0.08610839999999999,1.7682359939999999
4.75,86.35,0.0181,0.08597500000000001,1.7654966250000002
5.19,117.04,0.01656,0.08594639999999999,1.7649093239999998
4.45,105.77,0.01929,0.08584050000000001,1.7627346675000004
4.02,111.43,0.02135,0.085827,1.7624574450000001
3.87,102.83,0.02217,0.0857979,1.7618598765
4.63,100.91,0.01853,0.0857939,1.7617777365000002
4.62,100.97,0.01855,0.085701,1.759870035
4.57,97.66,0.01875,0.0856875,1.7595928125
3.65,95.26,0.02346,0.08562900000000001,1.7583915150000002
4.54,98.5,0.01886,0.08562439999999999,1.7582970539999998
4.29,104.5,0.01995,0.0855855,1.7574982424999999
4.45,104.37,0.01922,0.08552900000000001,1.756338015
5.11,75.67,0.01673,0.08549029999999999,1.7555433104999998
4.0,97.9,0.02134,0.08536,1.7528676
3.71,102.69,0.02298,0.0852558,1.7507278530000001
4.22,92.94,0.02018,0.0851596,1.748752386
5.16,105.07,0.01649,0.08508840000000001,1.7472902940000001
3.69,122.3,0.023,0.08487,1.74280545
3.96,106.71,0.02143,0.0848628,1.742657598
4.29,97.38,0.01978,0.08485619999999999,1.742522067
4.81,103.85,0.01764,0.08484839999999999,1.7423618939999999
5.39,115.33,0.01574,0.0848386,1.742160651
4.12,103.8,0.02059,0.08483080000000001,1.7420004780000002
4.38,103.74,0.01936,0.08479679999999999,1.7413022879999998
4.39,102.07,0.0193,0.084727,1.739868945
2.94,91.55,0.02881,0.0847014,1.739343249
3.88,96.9,0.02183,0.0847004,1.7393227139999998
4.46,114.18,0.01898,0.0846508,1.738304178
4.97,115.16,0.01703,0.0846391,1.7380639185
4.96,104.59,0.01706,0.08461759999999999,1.7376224159999998
4.84,104.72,0.01748,0.08460319999999999,1.7373267119999998
4.46,105.2,0.01896,0.0845616,1.736472456
4.11,101.12,0.02057,0.08454270000000001,1.7360843445000003
4.73,106.13,0.01787,0.0845251,1.7357229285000002
5.49,105.25,0.01539,0.0844911,1.7350247385
5.63,106.21,0.015,0.08445,1.73418075
4.0,114.66,0.0211,0.0844,1.733154
4.03,110.36,0.02094,0.08438820000000001,1.7329116870000003
3.68,106.49,0.02292,0.0843456,1.732036896
3.78,97.07,0.02229,0.0842562,1.730201067
5.46,107.74,0.01543,0.0842478,1.730028573
3.89,118.75,0.02165,0.0842185,1.7294268975
4.62,112.62,0.01821,0.0841302,1.727613657
4.53,101.1,0.01853,0.08394090000000001,1.7237263815000003
4.58,90.29,0.01831,0.0838598,1.722060993
4.87,107.18,0.0172,0.083764,1.72009374
3.31,94.76,0.02527,0.0836437,1.7176233795
4.6,106.32,0.01818,0.08362800000000001,1.71730098
3.8,104.82,0.02198,0.083524,1.71516534
4.23,107.46,0.01972,0.08341560000000002,1.7129393460000004
3.87,100.75,0.02154,0.0833598,1.711793493
5.52,91.75,0.01509,0.08329679999999999,1.710499788
4.05,104.92,0.02056,0.083268,1.70990838
4.61,98.66,0.01805,0.0832105,1.7087276175000001
3.88,104.45,0.02144,0.0831872,1.708249152
5.07,92.85,0.0164,0.08314800000000001,1.7074441800000002
4.46,115.63,0.01864,0.0831344,1.7071649039999999
3.91,98.63,0.02122,0.0829702,1.703793057
4.03,104.56,0.02058,0.08293740000000001,1.7031195090000002
4.12,103.66,0.02012,0.0828944,1.7022365039999998
4.24,87.27,0.01954,0.0828496,1.701316536
4.54,113.09,0.01822,0.0827188,1.6986305579999998
3.31,102.2,0.02499,0.0827169,1.6985915415
5.09,108.36,0.01625,0.0827125,1.6985011874999998
5.42,107.55,0.01526,0.0827092,1.698433422
4.7,113.52,0.01756,0.082532,1.69479462
4.5,113.44,0.01834,0.08252999999999999,1.69475355
4.15,114.75,0.01985,0.0823775,1.6916219625000002
5.28,114.79,0.01559,0.0823152,1.6903426320000001
3.96,105.81,0.02078,0.0822888,1.6898005079999998
4.45,112.66,0.01849,0.0822805,1.6896300675000002
3.52,106.71,0.02337,0.0822624,1.689258384
4.7,96.28,0.01748,0.08215599999999999,1.68707346
4.37,107.31,0.01878,0.0820686,1.685278701
5.64,101.24,0.01454,0.0820056,1.683984996
4.26,80.06,0.01924,0.08196239999999999,1.683097884
4.84,104.72,0.01692,0.0818928,1.681668648
4.2,88.1,0.01947,0.08177400000000001,1.6792290900000002
4.32,81.82,0.01892,0.0817344,1.678415904
3.07,113.78,0.02662,0.0817234,1.678190019
3.82,87.02,0.02136,0.08159519999999999,1.675557432
4.5,109.19,0.01812,0.08154,1.6744239
4.88,104.34,0.0167,0.081496,1.67352036
4.8,94.58,0.01696,0.081408,1.6717132799999999
4.02,102.66,0.02025,0.08140499999999999,1.671651675
4.01,103.82,0.02029,0.08136289999999999,1.6707871514999997
3.64,106.29,0.02235,0.081354,1.6706043899999998
4.18,97.94,0.01946,0.0813428,1.670374398
4.34,116.42,0.01874,0.08133159999999999,1.670144406
4.05,91.01,0.02008,0.081324,1.66998834
4.09,113.24,0.01986,0.08122739999999999,1.6680046589999997
4.62,102.53,0.01758,0.08121959999999999,1.6678444859999997
4.73,104.51,0.01716,0.08116680000000001,1.6667602380000002
4.24,95.9,0.01914,0.0811536,1.6664891760000002
5.01,119.29,0.01619,0.0811119,1.6656328665
3.77,89.36,0.02145,0.08086650000000001,1.6605935775000003
4.08,85.16,0.01982,0.08086560000000001,1.6605750960000003
4.51,116.12,0.01792,0.0808192,1.6596222719999998
4.46,105.31,0.0181,0.080726,1.6577084100000001
5.48,109.2,0.01472,0.0806656,1.656468096
3.62,95.18,0.02226,0.08058119999999999,1.654734942
3.83,99.53,0.02096,0.0802768,1.648484088
4.3,102.4,0.01866,0.08023799999999999,1.64768733
3.82,83.2,0.021,0.08022,1.6473177
4.68,105.59,0.01713,0.08016839999999999,1.6462580939999998
4.4,106.08,0.01822,0.080168,1.64624988
4.91,116.4,0.01632,0.08013120000000001,1.6454941920000004
4.98,93.48,0.01609,0.08012820000000001,1.6454325870000002
4.82,117.84,0.0166,0.080012,1.64304642
5.25,112.52,0.01524,0.08001,1.64300535
4.49,107.24,0.01781,0.07996690000000001,1.6421202915000002
3.55,105.6,0.02252,0.07994599999999999,1.6416911099999998
4.98,117.27,0.01604,0.0798792,1.640319372
3.55,107.37,0.0225,0.07987499999999999,1.6402331249999997
4.78,107.06,0.01671,0.0798738,1.6402084829999999
3.67,119.69,0.02173,0.07974909999999999,1.6376477684999997
5.26,96.74,0.01516,0.0797416,1.637493756
4.3,113.44,0.01854,0.079722,1.63709127
3.87,97.9,0.02055,0.0795285,1.6331177475
4.07,118.15,0.01954,0.0795278,1.633103373
4.26,78.64,0.01864,0.0794064,1.6306104240000001
4.28,103.97,0.01855,0.079394,1.63035579
4.91,97.51,0.01614,0.07924740000000001,1.6273453590000002
5.6,99.42,0.01415,0.07923999999999999,1.6271934
4.37,118.53,0.01813,0.07922810000000001,1.6269490335000003
3.57,97.88,0.02218,0.07918259999999999,1.6260146909999997
4.05,92.69,0.01955,0.0791775,1.6259099625
4.26,86.78,0.01858,0.0791508,1.625361678
5.77,91.63,0.01371,0.07910669999999999,1.6244560844999998
4.16,116.76,0.01901,0.0790816,1.623940656
4.32,90.71,0.01827,0.07892640000000001,1.6207536240000002
4.39,119.29,0.01797,0.0788883,1.6199712405
4.08,99.41,0.01932,0.07882560000000001,1.6186836960000002
3.05,103.55,0.02584,0.078812,1.6184044199999998
3.84,120.01,0.02052,0.0787968,1.618092288
3.78,110.28,0.02083,0.0787374,1.616872509
5.15,119.02,0.01527,0.0786405,1.6148826675
3.45,89.91,0.02275,0.0784875,1.6117408125000001
5.66,112.48,0.01385,0.078391,1.6097591850000001
3.78,104.94,0.02073,0.0783594,1.609110279
4.63,88.39,0.01691,0.07829330000000001,1.6077529155000003
3.58,108.09,0.02186,0.0782588,1.607044458
4.47,89.99,0.01745,0.0780015,1.6017608025
4.51,120.38,0.01728,0.0779328,1.600350048
3.32,103.02,0.02346,0.0778872,1.5994136520000002
4.09,106.29,0.01902,0.0777918,1.5974546129999998
4.91,101.98,0.01583,0.0777253,1.5960890355
3.84,99.08,0.02024,0.0777216,1.596013056
3.68,85.7,0.0211,0.07764800000000001,1.5945016800000003
5.32,111.12,0.01457,0.0775124,1.5917171339999998
5.58,102.19,0.01388,0.0774504,1.590443964
3.98,105.07,0.01945,0.077411,1.589634885
4.67,98.59,0.01656,0.07733519999999999,1.5880783319999998
3.9,100.78,0.01981,0.07725900000000001,1.5865135650000002
4.46,109.87,0.01725,0.076935,1.579860225
4.44,95.41,0.01731,0.0768564,1.5782461740000002
4.74,112.88,0.01621,0.0768354,1.577814939
4.2,103.15,0.01828,0.07677600000000001,1.5765951600000003
4.19,118.66,0.01832,0.0767608,1.5762830280000002
4.66,108.55,0.01647,0.07675019999999999,1.5760653569999998
4.56,102.97,0.01683,0.0767448,1.575954468
4.49,104.28,0.01706,0.0765994,1.572968679
4.89,113.68,0.01565,0.0765285,1.5715127475
3.61,101.96,0.02115,0.07635149999999999,1.5678780524999998
4.22,119.39,0.01809,0.07633979999999999,1.5676377929999996
4.5,104.5,0.01695,0.076275,1.566307125
4.51,96.95,0.01691,0.0762641,1.5660832935
5.18,118.6,0.01471,0.0761978,1.564721823
3.74,113.95,0.02037,0.0761838,1.564434333
3.73,107.02,0.02042,0.0761666,1.564081131
3.63,97.94,0.02098,0.07615739999999999,1.5638922089999998
3.65,121.1,0.02085,0.0761025,1.5627648375
4.04,112.49,0.01879,0.07591160000000001,1.5588447060000001
3.31,111.72,0.02293,0.0758983,1.5585715905000002
3.96,113.29,0.01916,0.0758736,1.558064376
5.5,118.12,0.01379,0.075845,1.557477075
4.03,84.95,0.0188,0.07576400000000001,1.5558137400000003
3.46,122.79,0.02187,0.0756702,1.5538875570000001
5.15,92.35,0.01469,0.0756535,1.5535446225
3.43,87.35,0.02204,0.0755972,1.5523885020000001
3.16,114.42,0.02391,0.0755556,1.5515342460000001
3.71,103.18,0.02033,0.0754243,1.5488380005
4.57,96.54,0.01649,0.0753593,1.5475032255
3.97,99.91,0.01898,0.0753506,1.547324571
3.7,104.05,0.02036,0.075332,1.5469426199999998
4.01,93.77,0.01876,0.07522759999999999,1.5447987659999998
4.18,121.33,0.01799,0.07519819999999999,1.544195037
5.15,93.29,0.0146,0.07519,1.5440266500000002
4.56,105.44,0.01647,0.07510319999999998,1.5422442119999997
4.3,110.6,0.01746,0.07507799999999999,1.54172673
3.85,103.42,0.0195,0.075075,1.541665125
3.77,104.99,0.0199,0.075023,1.5405973050000001
4.6,113.2,0.01626,0.074796,1.53593586
4.43,111.52,0.01687,0.0747341,1.5346647435
3.95,107.63,0.01892,0.074734,1.53466269
4.14,107.55,0.01802,0.0746028,1.531968498
4.43,111.48,0.01684,0.07460119999999999,1.5319356419999999
5.1,106.4,0.01462,0.07456199999999999,1.5311306699999998
3.43,88.39,0.0217,0.07443100000000001,1.5284405850000002
4.4,96.63,0.01691,0.07440400000000001,1.5278861400000003
5.21,117.19,0.01428,0.0743988,1.527779358
4.41,119.48,0.01686,0.0743526,1.526830641
4.02,99.57,0.01849,0.07432979999999999,1.5263624429999998
5.54,99.03,0.01341,0.07429140000000001,1.525573899
3.87,103.33,0.01919,0.07426529999999999,1.5250379354999999
4.33,107.14,0.01714,0.0742162,1.524029667
3.96,85.61,0.01874,0.0742104,1.523910564
4.58,106.28,0.0162,0.074196,1.52361486
3.66,90.93,0.02027,0.0741882,1.5234546869999999
4.42,102.77,0.01677,0.0741234,1.522124019
4.2,106.84,0.01761,0.073962,1.51880967
4.34,112.32,0.01704,0.0739536,1.518637176
4.49,110.31,0.01647,0.0739503,1.5185694105
4.52,120.59,0.01636,0.07394719999999999,1.5185057519999998
3.67,89.69,0.02013,0.07387709999999999,1.5170662484999997
3.94,101.3,0.0187,0.07367800000000001,1.5129777300000002
3.21,96.84,0.02294,0.07363739999999999,1.5121440089999998
4.89,125.73,0.01503,0.0734967,1.5092547345
4.48,116.24,0.0164,0.07347200000000001,1.5087475200000002
4.12,109.96,0.01781,0.0733772,1.506800802
5.05,114.89,0.01451,0.0732755,1.5047123924999999
4.73,89.29,0.01547,0.0731731,1.5026096085
4.01,104.1,0.01823,0.0731023,1.5011557304999998
3.99,106.42,0.01827,0.07289730000000001,1.4969460555000003
4.01,112.67,0.01817,0.07286169999999999,1.4962150094999997
4.26,120.15,0.0171,0.072846,1.4958926099999998
5.12,95.65,0.01422,0.07280640000000001,1.4950794240000003
3.68,112.12,0.01978,0.0727904,1.494750864
3.92,95.8,0.01855,0.072716,1.49322306
4.3,117.53,0.01691,0.072713,1.493161455
3.46,82.05,0.02098,0.0725908,1.4906520779999999
4.29,95.76,0.01692,0.0725868,1.4905699380000001
4.03,97.41,0.018,0.07254,1.4896089
3.54,101.16,0.02049,0.0725346,1.489498011
4.38,115.54,0.01656,0.0725328,1.489461048
3.85,101.43,0.01883,0.0724955,1.4886950925000002
4.03,100.87,0.01798,0.07245940000000001,1.4879537790000001
3.92,120.51,0.01848,0.0724416,1.487588256
4.27,101.27,0.01695,0.0723765,1.4862514274999998
3.66,91.18,0.01977,0.0723582,1.485875637
4.66,101.16,0.01551,0.0722766,1.484199981
4.41,109.19,0.01638,0.0722358,1.483362153
3.49,105.95,0.02064,0.0720336,1.4792099760000001
4.55,102.6,0.01582,0.071981,1.478129835
3.66,105.75,0.01966,0.07195560000000001,1.4776082460000002
3.51,88.82,0.0205,0.071955,1.4775959250000001
3.49,115.2,0.0206,0.071894,1.47634329
4.18,97.71,0.01719,0.0718542,1.4755259969999999
3.97,99.93,0.01807,0.07173790000000001,1.4731377765000002
4.81,87.15,0.0149,0.071669,1.471722915
4.01,112.28,0.01785,0.0715785,1.4698644975000001
3.77,98.88,0.01893,0.0713661,1.4655028635
3.37,121.79,0.02117,0.0713429,1.4650264515
5.18,118.35,0.01377,0.07132859999999999,1.4647328009999998
3.71,109.76,0.01922,0.0713062,1.4642728170000001
3.99,115.41,0.01787,0.07130130000000001,1.4641721955000002
4.24,100.97,0.01681,0.0712744,1.4636198040000001
4.26,124.84,0.01665,0.070929,1.456527015
3.81,96.1,0.0186,0.070866,1.45523331
4.0,110.64,0.01768,0.07072,1.4522352
3.07,96.96,0.02303,0.07070209999999999,1.4518676234999999
4.12,108.92,0.01715,0.070658,1.45096203
2.93,102.48,0.02411,0.0706423,1.4506396305000002
4.94,112.01,0.01427,0.07049380000000001,1.4475901830000002
2.92,93.97,0.02414,0.0704888,1.447487508
4.95,114.99,0.01424,0.070488,1.44747108
4.39,117.09,0.01605,0.07045949999999998,1.4468858324999996
3.74,91.6,0.01883,0.0704242,1.446160947
5.58,123.85,0.01262,0.0704196,1.446066486
3.93,93.36,0.01791,0.0703863,1.4453826705
3.76,99.87,0.0187,0.070312,1.44385692
4.19,110.82,0.01678,0.0703082,1.4437788870000001
3.33,104.73,0.02109,0.0702297,1.4421668895000002
4.04,110.01,0.01734,0.07005360000000001,1.4385506760000002
3.46,106.69,0.0202,0.069892,1.4352322199999998
5.08,105.32,0.01375,0.06985,1.4343697499999999
3.89,94.29,0.01794,0.0697866,1.433067831
3.17,119.42,0.02199,0.0697083,1.4314599405
2.96,102.34,0.02355,0.069708,1.4314537800000002
4.5,111.82,0.01549,0.069705,1.431392175
2.63,108.42,0.02648,0.0696424,1.4301066839999999
4.15,96.6,0.01678,0.069637,1.4299957950000002
3.41,97.3,0.02038,0.0694958,1.427096253
5.27,91.38,0.01317,0.06940589999999999,1.4252501564999998
5.32,89.47,0.01298,0.0690536,1.4180156760000002
4.71,101.55,0.01465,0.0690015,1.4169458025
4.08,110.19,0.0169,0.068952,1.41592932
3.81,100.13,0.01809,0.0689229,1.4153317515
4.43,110.03,0.01555,0.06888649999999999,1.4145842774999997
4.11,94.24,0.01676,0.0688836,1.414524726
3.23,124.52,0.02129,0.0687667,1.4121241845
5.04,110.45,0.01363,0.0686952,1.410655932
3.0,78.46,0.02288,0.06864,1.4095224000000002
4.6,92.26,0.01488,0.068448,1.40557968
2.99,100.03,0.02289,0.0684411,1.4054379885000001
5.3,93.61,0.01288,0.068264,1.4018012400000002
3.92,111.98,0.01738,0.0681296,1.399041336
4.53,114.34,0.01502,0.0680406,1.3972137210000002
3.7,86.29,0.01838,0.06800600000000001,1.3965032100000003
4.32,111.73,0.01573,0.0679536,1.395427176
2.83,108.4,0.02392,0.0676936,1.390088076
3.61,129.73,0.01871,0.0675431,1.3869975584999998
3.1,103.46,0.02178,0.06751800000000001,1.38648213
4.24,116.8,0.01591,0.0674584,1.385258244
3.46,116.69,0.01946,0.0673316,1.3826544060000001
4.61,94.86,0.01458,0.0672138,1.380235383
3.57,87.02,0.0188,0.067116,1.37822706
4.3,117.65,0.0155,0.06665,1.3686577500000001
5.43,92.51,0.01222,0.0663546,1.362591711
4.2,96.49,0.01577,0.066234,1.3601151900000001
3.5,117.64,0.01888,0.06608,1.3569528
3.63,111.19,0.01817,0.06595709999999999,1.3544290485
5.13,100.35,0.01284,0.0658692,1.352624022
3.58,127.53,0.01838,0.06580040000000001,1.351211214
4.29,114.15,0.01533,0.0657657,1.3504986495
2.91,105.08,0.02259,0.0657369,1.3499072415
4.79,99.9,0.0137,0.065623,1.347568305
3.41,110.88,0.01923,0.0655743,1.3465682505
3.62,97.39,0.01809,0.0654858,1.344750903
3.51,110.28,0.01865,0.06546149999999999,1.3442519025
4.13,90.96,0.01585,0.06546049999999999,1.3442313674999997
3.71,112.08,0.0176,0.065296,1.34085336
3.94,96.9,0.01657,0.0652858,1.3406439030000001
4.0,95.31,0.01631,0.06524,1.3397034
5.16,100.54,0.01264,0.0652224,1.339341984
2.93,102.39,0.02225,0.0651925,1.3387279875
3.29,100.44,0.01976,0.0650104,1.3349885639999999
3.25,106.14,0.01999,0.0649675,1.3341076125
3.86,107.43,0.0168,0.06484799999999999,1.3316536799999998
3.5,112.19,0.01851,0.064785,1.330359975
3.59,94.99,0.01801,0.0646559,1.3277089065
4.16,103.08,0.01552,0.0645632,1.325805312
3.5,96.85,0.01843,0.06450499999999999,1.324610175
6.17,106.78,0.01045,0.06447649999999999,1.3240249274999998
3.76,105.41,0.01714,0.06444639999999999,1.3234068239999996
3.89,104.14,0.01654,0.0643406,1.3212342209999999
3.87,97.81,0.01653,0.0639711,1.3136465385
3.71,112.4,0.01723,0.06392329999999999,1.3126649654999998
4.22,112.63,0.01513,0.06384859999999999,1.311131001
3.48,105.37,0.01833,0.0637884,1.3098947939999999
5.21,115.68,0.01222,0.0636662,1.307385417
5.13,98.04,0.01238,0.06350940000000001,1.3041655290000003
3.17,115.98,0.02003,0.0634951,1.3038718785
4.09,97.81,0.0155,0.06339499999999999,1.3018163249999999
4.23,114,0.01498,0.0633654,1.301208489
3.41,93.58,0.0185,0.063085,1.295450475
3.61,111.01,0.01745,0.0629945,1.2935920575
3.27,101.53,0.01924,0.0629148,1.2919554180000001
3.31,93.99,0.019,0.06289,1.29144615
3.22,107.32,0.01951,0.06282220000000001,1.2900538770000003
3.52,107.76,0.01784,0.0627968,1.289532288
5.23,120.81,0.01199,0.0627077,1.2877026195
2.9,112.08,0.02162,0.062698,1.2875034300000001
2.92,95.64,0.02144,0.0626048,1.285589568
3.38,87.01,0.01851,0.06256379999999999,1.2847476329999998
4.87,122.76,0.01284,0.06253080000000001,1.2840699780000002
3.43,105.73,0.01822,0.062494600000000004,1.2833266110000001
4.49,89.53,0.01391,0.0624559,1.2825319065
4.32,98.92,0.01441,0.0622512,1.278328392
4.7,100.54,0.01323,0.06218100000000001,1.2768868350000002
4.51,97.95,0.01376,0.0620576,1.274352816
5.14,113.42,0.01207,0.0620398,1.273987293
3.82,113.61,0.01612,0.06157839999999999,1.2645124439999997
3.72,115.32,0.01654,0.0615288,1.263493908
4.05,96.97,0.01516,0.061397999999999994,1.26080793
4.23,112.75,0.01449,0.061292700000000006,1.2586455945000001
5.15,112.12,0.0119,0.061285000000000006,1.2584874750000001
4.43,102.9,0.01383,0.0612669,1.2581157915
2.95,109.84,0.02074,0.06118300000000001,1.2563929050000002
4.55,104.25,0.01344,0.061152,1.25575632
3.79,99.61,0.01611,0.0610569,1.2538034415
3.81,117.21,0.016,0.06096,1.2518136
4.08,110.8,0.01494,0.0609552,1.2517150320000001
2.26,117.66,0.02692,0.060839199999999996,1.249332972
3.48,100.22,0.01736,0.0604128,1.2405768480000001
3.64,67.95,0.01658,0.06035120000000001,1.2393118920000001
4.38,118.97,0.01376,0.0602688,1.237619808
3.51,117.53,0.01716,0.0602316,1.2368559060000002
5.38,113.99,0.01119,0.0602022,1.236252177
3.61,107.87,0.01662,0.059998199999999995,1.2320630369999999
4.26,110.02,0.01398,0.05955479999999999,1.2229578179999998
2.8,110.65,0.02121,0.059387999999999996,1.2195325799999999
2.95,107.58,0.02012,0.059354000000000004,1.21883439
3.67,103.59,0.01617,0.0593439,1.2186269865
4.22,107.5,0.01404,0.0592488,1.2166741079999999
3.13,105.71,0.01889,0.059125699999999996,1.2141462495
4.13,115.04,0.01423,0.0587699,1.2068398965
3.28,108.2,0.0179,0.05871199999999999,1.2056509199999998
3.56,110.51,0.01649,0.058704400000000004,1.2054948540000001
3.44,114.53,0.01705,0.058651999999999996,1.20441882
4.38,106.35,0.01336,0.0585168,1.201642488
3.52,98.31,0.01657,0.05832640000000001,1.1977326240000001
2.9,119.67,0.02008,0.058232,1.19579412
4.04,121.47,0.01441,0.058216399999999995,1.1954737739999999
4.97,107.65,0.01165,0.0579005,1.1889867675
3.78,104.18,0.01531,0.0578718,1.1883974130000001
4.86,101.57,0.01189,0.0577854,1.186623189
4.38,115.16,0.01304,0.0571152,1.172860632
3.35,98.97,0.01702,0.057017000000000005,1.170844095
4.58,98.65,0.01238,0.056700400000000005,1.164342714
2.61,99.63,0.02164,0.05648039999999999,1.159825014
4.0,98.57,0.0141,0.0564,1.158174
3.66,106.74,0.01536,0.056217600000000006,1.1544284160000002
4.11,116.55,0.01366,0.05614260000000001,1.1528882910000002
5.83,104.76,0.00961,0.0560263,1.1505000705000001
3.14,104.25,0.01774,0.0557036,1.143873426
4.26,96.98,0.01302,0.0554652,1.138977882
2.84,104.45,0.0193,0.054812,1.12556442
2.4,105.67,0.0228,0.05472,1.1236751999999999
2.52,114.27,0.02165,0.054557999999999995,1.12034853
4.06,103.83,0.01341,0.054444599999999996,1.1180198609999998
5.91,91.77,0.00919,0.054312900000000004,1.1153154015000002
3.65,119.13,0.01488,0.054312,1.11529692
4.83,94.42,0.01124,0.0542892,1.1148287220000002
3.32,92.34,0.01635,0.054282,1.11468087
5.13,106.01,0.01053,0.054018899999999995,1.1092781114999999
4.22,95.49,0.01279,0.053973799999999995,1.108351983
4.21,104.09,0.01282,0.0539722,1.108319127
3.96,86.58,0.01362,0.0539352,1.1075593320000001
5.71,122.91,0.00942,0.053788199999999994,1.1045406869999999
3.12,108.68,0.01722,0.0537264,1.103271624
2.59,125.55,0.02072,0.05366479999999999,1.1020066679999998
3.48,113.68,0.01535,0.053418,1.09693863
3.17,93.66,0.01685,0.0534145,1.0968667575
5.14,105.43,0.01034,0.053147599999999996,1.091385966
4.91,98.28,0.01082,0.0531262,1.090946517
4.63,110.7,0.01145,0.0530135,1.0886322225
3.66,103.84,0.01443,0.0528138,1.084531383
4.71,90.06,0.01116,0.0525636,1.079393526
3.98,102.84,0.0131,0.052138000000000004,1.0706538300000001
4.37,108.39,0.01186,0.051828200000000005,1.064292087
3.99,98.94,0.01295,0.0516705,1.0610537175
3.11,109.94,0.0166,0.051626,1.06013991
4.25,116.59,0.01207,0.0512975,1.0533941625
3.01,115.45,0.01701,0.0512001,1.0513940535
3.34,107.33,0.01514,0.0505676,1.038405666
3.08,103.19,0.01636,0.0503888,1.034734008
3.23,108.11,0.0156,0.050387999999999995,1.03471758
3.36,90.44,0.01497,0.0502992,1.0328940720000002
3.36,98.89,0.01494,0.0501984,1.0308241439999999
3.38,100.31,0.0148,0.050024,1.02724284
2.47,100.4,0.02016,0.049795200000000005,1.0225444320000001
3.42,89.78,0.01451,0.0496242,1.019032947
3.82,120.74,0.01295,0.049469,1.015845915
4.13,112.3,0.01182,0.0488166,1.002448881
3.51,97.14,0.01389,0.048753899999999996,1.0011613364999998
3.37,109.68,0.01446,0.0487302,1.000674657
3.6,117.35,0.01351,0.048636,0.9987402599999999
3.12,100.81,0.01555,0.048516000000000004,0.9962760600000001
3.33,91.41,0.0144,0.047952,0.98469432
3.27,131.73,0.01462,0.0478074,0.981724959
2.36,107.12,0.02019,0.047648399999999994,0.9784598939999999
3.45,97.28,0.01379,0.0475755,0.9769628925
4.22,100.83,0.011,0.046419999999999996,0.9532346999999999
3.85,85.97,0.01198,0.046123,0.9471358049999999
3.54,105.48,0.01301,0.0460554,0.945747639
3.38,108.14,0.01346,0.045494799999999995,0.9342357179999999
4.34,111.68,0.01024,0.044441600000000005,0.9126082560000001
2.85,94.2,0.01557,0.044374500000000004,0.9112303575000001
2.41,122.11,0.0183,0.044103,0.9056551050000001
4.14,98.28,0.01048,0.043387199999999994,0.8909561519999999
2.87,117.96,0.0151,0.043337,0.8899252950000001
2.58,102.95,0.01662,0.0428796,0.880532586
3.5,110.66,0.01224,0.042839999999999996,0.8797193999999999
3.94,108.98,0.01087,0.0428278,0.879468873
3.21,113.64,0.01326,0.042564599999999994,0.8740640609999999
3.66,112.41,0.01148,0.04201680000000001,0.8628149880000001
3.79,94.07,0.01094,0.0414626,0.851434491
3.53,89.83,0.01142,0.0403126,0.8278192409999999
2.5,95.21,0.01568,0.0392,0.804972
2.94,112.69,0.01308,0.038455199999999995,0.7896775319999999
4.73,89.66,0.00805,0.038076500000000006,0.7819009275000002
4.09,107.79,0.0092,0.037627999999999995,0.7726909799999999
3.09,110.1,0.01202,0.037141799999999996,0.7627068629999999
3.19,93.77,0.011,0.035089999999999996,0.7205731499999999
2.69,85.98,0.01299,0.0349431,0.7175565585
